<?xml version="1.0" encoding="UTF-8"?>
<!DOCTYPE mapper PUBLIC "-//mybatis.org//DTD Mapper 3.0//EN"
        "http://mybatis.org/dtd/mybatis-3-mapper.dtd">

<mapper namespace="com.ssafy.board.model.mapper.BoardMapper">

    <resultMap type="boardDto" id="board">
        <result column="article_no" property="articleNo"/>
        <result column="member_user_email" property="memberUserEmail"/>
        <result column="subject" property="subject"/>
        <result column="content" property="content"/>
        <result column="hit" property="hit"/>
        <result column="register_time" property="registerTime"/>
    </resultMap>

    <sql id="search">
        <if test="word != null and word != ''">
            <if test="key == 'subject'">
                where subject like concat('%', #{word}, '%')
            </if>
            <if test="key != 'subject'">
                where ${key} = #{word}
            </if>
        </if>
    </sql>

    <insert id="registBoard" parameterType="boardDto">
        insert into board (member_user_email, subject, content, hit)
        values (#{memberUserEmail}, #{subject}, #{content}, #{hit})
    </insert>

<!--    목록   -->
    <select id="getBoardList" parameterType="map" resultMap="board">
        select article_no, member_user_email, subject, content, hit, register_time
        from board
        <include refid="search"></include>
        order by article_no desc
        limit #{start}, #{listsize}
    </select>

    <select id="getTotalArticleCount" parameterType="map" resultType="int">
        select count(article_no)
        from board b
        <include refid="search"></include>
    </select>

    <select id="getBoardDetail" parameterType="int" resultMap="board">
        select article_no, member_user_email, subject, content, hit, register_time
        from board
        where article_no = #{articleNo}
    </select>

    <update id="updateBoardHit" parameterType="int">
        update board
        set hit = hit + 1
        where article_no = #{articleNo}
    </update>

    <update id="modifyBoard" parameterType="boardDto">
        update board
        set subject = #{subject},
            content = #{content}
        where article_no = #{articleNo}
    </update>


    <delete id="deleteBoard" parameterType="int">
        delete
        from board
        where article_no = #{articleNo}
    </delete>

</mapper>