<?xml version="1.0" encoding="UTF-8"?>
<!DOCTYPE mapper PUBLIC "-//mybatis.org//DTD Mapper 3.0//EN"
        "http://mybatis.org/dtd/mybatis-3-mapper.dtd">

<mapper namespace="com.ssafy.board.model.mapper.CommentMapper">

    <resultMap type="commentDto" id="comment">
        <result column="comment_no" property="commentNo"/>
        <result column="content" property="content"/>
        <result column="create_time" property="createTime"/>
        <result column="board_article_no" property="boardArticleNo"/>
        <result column="member_user_email" property="memberUserEmail"/>
    </resultMap>

    <insert id="registComment" parameterType="commentDto">
        insert into comment (comment_no, content, create_time, board_article_no, member_user_email)
        values (#{commentNo}, #{content}, #{createTime}, #{boardArticleNo}, #{memberUserEmail})
    </insert>

    <select id="getCommentList" resultMap="comment">
        select (comment_no, content, create_time, board_article_no, member_user_email)
        from comment c join board b
        where c.board_aritcle_no = b.board_article_no
    </select>

    <select id="getComment" parameterType="int" resultMap="comment">
        select (comment_no, content, create_time, board_article_no, member_user_email)
        from comment
        where comment_no = #{commentNo}
    </select>

    <update id="modifyComment" parameterType="commentDto">
        update comment
        set content = #{content}
        where comment_no = #{commentNo}
    </update>


    <delete id="deleteComment" parameterType="int">
        delete from comment
        where comment_no = #{commentNo}
    </delete>

</mapper>