<?xml version="1.0" encoding="UTF-8"?>
<!DOCTYPE mapper PUBLIC "-//mybatis.org//DTD Mapper 3.0//EN"
        "http://mybatis.org/dtd/mybatis-3-mapper.dtd">

<mapper namespace="com.ssafy.member.model.mapper.MemberMapper">

    <resultMap type="memberDto" id="member">
        <result column="user_email" property="userEmail"/>
        <result column="user_name" property="name"/>
        <result column="user_pass" property="userPass"/>
        <result column="join_date" property="joinDate"/>
        <result column="token" property="token"/>
        <result column="role" property="role"/>
    </resultMap>

    <insert id="registerMember" parameterType="memberDto">
        insert into member(user_email, role, user_name, user_pass, join_date)
        values(#{userEmail}, #{role}, #{name}, #{userPass}, current_date)
    </insert>

    <select id="loginMember" parameterType="map" resultMap="member">
        select user_email, user_name, token, role
        from member
        where user_email = #{userEmail} and user_pass = #{userPass}
    </select>

    <select id="findMemberByEmail" parameterType="String" resultMap="member">
        select *
        from member
        <where>
            <if test='userEmail != null'>
                user_email = #{userEmail}
            </if>
        </where>
    </select>

    <delete id="deleteMember" parameterType="String">
        delete from member
        where user_email = #{userEmail}
    </delete>

    <update id="updateMember" parameterType="memberDto">
        update member
        set user_name = #{userName}
        where user_email = #{userEmail}
    </update>

<!--    JWT 토큰-->
    <update id="saveRefreshToken" parameterType="map">
        update member
        set token = #{token}
        where user_email = #{userEmail}
    </update>

    <select id="getRefreshToken" parameterType="string" resultType="string">
        select token
        from member
        where user_email = #{userEmail}
    </select>

    <update id="deleteRefreshToken" parameterType="map">
        update member
        set token = #{token, jdbcType=VARCHAR}
        where user_email = #{userEmail}
    </update>
</mapper>
