<?xml version="1.0" encoding="UTF-8"?>
<!DOCTYPE mapper PUBLIC "-//mybatis.org//DTD Mapper 3.0//EN"
        "http://mybatis.org/dtd/mybatis-3-mapper.dtd">

<mapper namespace="com.ssafy.attraction.model.mapper.PlanMapper">

    <resultMap id="planResultMap" type="planDto">
        <result column="plan_no" property="planNo" />
        <result column="create_time" property="createTime" />
        <result column="start_date" property="startDate" />
        <result column="end_date" property="endDate" />
        <result column="content" property="content" />
        <result column="title" property="title" />
        <result column="member_user_id" property="memberUserEmail" />
    </resultMap>

    <select id="selectPlanList" parameterType="map" resultMap="planResultMap">
        select *
        from plan
        where user_id = #{userId}
        order by createtime desc, plan_id desc
            limit #{page.beginPage}, #{page.listSize}
    </select>

    <insert id="insertPlan" parameterType="planDto">
        insert into plan(create_time, start_date, end_date, title, content, member_user_email)
        values (#{createTime}, #{startDate}, #{endDate}, #{title}, #{content}, #{memberUserEmail});
    </insert>

    <select id="selectPlan" parameterType="int" resultType="planDto">
        select *
        from plan
        where plan_no = #{planNo}
    </select>
    <select id="getPlanByUserEmail" parameterType="String">
        select p.plan_no,
               create_time,
               start_date,
               end_date,
               title,
               content,
               a.plan_date,
               a.order,
               a.attraction_info_content_id
        from plan p
                 inner join attraction a
                            on p.plan_no = a.plan_plan_no
        where p.member_user_email = #{userEmail}
    </select>

    <select id="selectPlanAttractionListByPlanNo" parameterType="int" resultType="planAttractionDto">
        SELECT plan_attraction_no, `order`, plan_no, attraction_info_content_id, plan_plan_no, plan_date
        FROM plan_attraction
        WHERE plan_no = #{planNo}
        order by `order`
    </select>

    <update id="updatePlan" parameterType="planDto">
        update plan
        set start_date = #{startDate},
            end_date   = #{endDate},
            title      = #{title},
            content    = #{content}
        where member_user_email = #{memberUserEmail}
    </update>

    <delete id="deletePlan" parameterType="String">
        delete
        from plan
        where plan_no = #{planNo}
          and member_user_email = #{memberUserEmail}
    </delete>

    <!--    Plan Attraction-->

    <select id="selectPlanAttraction" parameterType="int" resultType="planAttractionDto">
        select *
        from plan_attraction
        where plan_attraction_no = #{planAttractionId}
    </select>

    <insert id="insertPlanAttraction" parameterType="planAttractionDto">
        insert into plan_attraction(order, attraction_info_content_id, plan_plan_no, plan_date)
        values (#{order}, #{attractionInfoContentId}, #{planPlanNo}, #{planDate})
    </insert>

    <update id="updatePlanAttraction" parameterType="planAttractionDto">
        update plan_attraction
        set attraction_info_content_id=#{attractionInfoContentId},
            order                     = #{order},
            plan_date                 = #{planDate}
        where plan_attraction_no = #{planAttractionNo}
    </update>

    <delete id="deletePlanAttraction" parameterType="int">
        delete
        from plan_attraction
        where plan_attraction_no = #{planAttractionNo};
    </delete>
</mapper>
