<?xml version="1.0" encoding="UTF-8"?>
<!DOCTYPE mapper PUBLIC "-//mybatis.org//DTD Mapper 3.0//EN"
        "http://mybatis.org/dtd/mybatis-3-mapper.dtd">

<mapper namespace="com.ssafy.qna.model.mapper.QnaMapper">

    <resultMap type="qnaDto" id="qnaList">
        <result column="qna_no" property="qnaNo"/>
        <result column="question" property="question"/>
        <result column="answer" property="answer"/>
        <result column="member_user_email" property="memberUserEmail"/>
    </resultMap>

<!--    질문등록-->
    <insert id="registerQna" parameterType="qnaDto">
        insert into qna (qna_no, question, answer, member_user_email)
        values (#{qnaNo}, #{question}, null, #{memberUserEmail})
    </insert>

<!--    답변 등록-->
    <update id="registerAnswer" parameterType="qnaDto">
        update qna
        set answer = #{answer}
        where qna_no = #{qnaNo}
    </update>

    <select id="getQnaList" parameterType="map" resultMap="qnaList">
        select qna_no, question, answer, member_user_email
        from qna
        order by qna_no desc
        limit #{start}, #{listsize}
    </select>

    <select id="getTotalQnaCount" parameterType="map" resultType="int">
        select count(qna_no)
        from qna
    </select>

    <select id="getQnaDetail" parameterType="int" resultType="qnaDto">
        select qna_no, question, answer, member_user_email
        from qna
        where qna_no = #{qnaNo}
    </select>

    <delete id="deleteQna" parameterType="int">
        delete
        from qna
        where qna_no = #{qnaNo}
    </delete>

</mapper>