<?xml version="1.0" encoding="UTF-8"?>
<!DOCTYPE mapper PUBLIC "-//mybatis.org//DTD Mapper 3.0//EN"
        "http://mybatis.org/dtd/mybatis-3-mapper.dtd">

<mapper namespace="com.ssafy.attraction.model.mapper.AttractionLikeMapper">

    <resultMap id="attractionLike" type="attractionLikeDto">
        <result column="like_no" property="likeNo"></result>
        <result column="register_date" property="registerDate"></result>
        <result column="attraction_info_content_id" property="attractionInfoContentId"></result>
        <result column="member_user_email" property="memberUserEmail"></result>
    </resultMap>

    <resultMap id="attractionLike2" type="attractionInfoDto">
        <result column="content_id" property="contentId"></result>
        <result column="like_no" property="likeNo"></result>
        <result column="title" property="title"></result>
        <result column="addr1" property="addr1"></result>
        <result column="addr2" property="addr2"></result>
        <result column="first_image" property="firstImage"></result>
        <result column="latitude" property="latitude"></result>
        <result column="longitude" property="longitude"></result>
    </resultMap>

    <select id="getAttractionLikeList" parameterType="String" resultMap="attractionLike2">
        select ai.content_id, al.like_no, ai.title, ai.addr1, ai.addr2, ai.first_image, ai.latitude, ai.longitude
        from attraction_like al
                 join attraction_info ai on al.attraction_info_content_id = ai.content_id
        where al.member_user_email = #{userEmail};
    </select>

    <select id="getAttractionLikeDetail" parameterType="attractionLikeDto" resultMap="attractionLike">
        SELECT al.like_no, al.register_date, ai.content_id AS attraction_info_content_id, m.user_email AS member_user_email
        FROM attraction_like al
                 JOIN attraction_info ai ON al.attraction_info_content_id = ai.content_id
                 JOIN member m ON al.member_user_email = m.user_email
        WHERE al.like_no = #{likeNo}
    </select>

    <select id="getAttractionDescription" parameterType="int">
        select content_id, overview
        from attraction_description
        where content_id = #{contentId};
    </select>

    <insert id="createAttractionLike" parameterType="attractionLikeDto">
        insert into attraction_like (attraction_info_content_id, member_user_email)
        values (#{attractionInfoContentId},#{memberUserEmail});
    </insert>

    <delete id="deleteAttractionLike" parameterType="int">
        delete from attraction_like
        where like_no = #{likeNo};
    </delete>

    <delete id="deleteAttractionLike2" parameterType="int">
        delete from attraction_like
        where attraction_info_content_id = #{attractionInfoContentId};
    </delete>
</mapper>
