<?xml version="1.0" encoding="UTF-8" ?>
<!DOCTYPE mapper PUBLIC "-//mybatis.org//DTD Mapper 3.0//EN"
        "http://mybatis.org/dtd/mybatis-3-mapper.dtd">

<mapper namespace="com.ssafy.attraction.model.mapper.MapMapper">

    <resultMap type="attractionInfoDto" id="attractionInfoMap">
        <result column="content_id" property="contentId"/>
        <result column="content_type_id" property="contentTypeId"/>
        <result column="title" property="title"/>
        <result column="latitude" property="latitude"/>
        <result column="longitude" property="longitude"/>
        <result column="addr1" property="addr1"/>
        <result column="sido_code" property="sidoCode"/>
        <result column="first_image" property="firstImage"/>
    </resultMap>

    <select id="selectAttractions" parameterType="map" resultMap="attractionInfoMap">
        select content_id, content_type_id, title, latitude, longitude, addr1, addr2, sido_code, first_image
        from attraction_info
        where sido_code = #{sidoCode}
        and gugun_code = #{gugunCode}
        and content_type_id = #{contentTypeId}
        <if test="keyword != ''">AND title LIKE CONCAT('%', #{keyword},'%')</if>
    </select>

    <select id="getSido" resultType="sidoGugunCodeDto">
        select left (sido_code, 2) sido_code, sido_name
        from sido
        order by sido_code
    </select>

    <select id="getGugunInSido" parameterType="string" resultType="sidoGugunCodeDto">
        select left (gugun_code, 5) gugun_code, gugun_name
        from gugun
        where sido_code = #{sidoCode}
        order by gugun_code
    </select>


</mapper>