<?xml version="1.0" encoding="UTF-8"?>
<!DOCTYPE mapper PUBLIC "-//mybatis.org//DTD Mapper 3.0//EN"
        "http://mybatis.org/dtd/mybatis-3-mapper.dtd">

<mapper namespace="com.ssafy.attraction.model.mapper.PlanMapper">

    <resultMap type="planDto" id="planMap">
        <result column="plan_no" property="planNo"/>
        <result column="create_date" property="createDate"/>
        <result column="start_date" property="startDate"/>
        <result column="end_date" property="endDate"/>
        <result column="title" property="title"/>
        <result column="member_user_email" property="memberUserEmail"/>
    </resultMap>

    <resultMap type="PlanDetailsDto" id="planDetailsResultMap">
        <id column="plan_no" property="planNo"/>
        <result column="create_date" property="createDate"/>
        <result column="start_date" property="startDate"/>
        <result column="end_date" property="endDate"/>
        <result column="title" property="title"/>
        <result column="order" property="order"/>
        <result column="plan_attraction_no" property="planAttractionNo"/>
        <result column="plan_date" property="planDate"/>
        <result column="attraction_title" property="attractionTitle"/>
        <result column="attraction_addr1" property="attractionAddr1"/>
        <result column="attraction_addr2" property="attractionAddr2"/>
    </resultMap>

    <select id="getPlanDetailByPlanNo" parameterType="int" resultMap="planDetailsResultMap">
        SELECT p.plan_no,
               p.create_date,
               p.start_date,
               p.end_date,
               p.title,
               pa.order,
               pa.plan_attraction_no,
               pa.plan_date,
               a.title AS attraction_title,
               a.addr1 AS attraction_addr1,
               a.addr2 AS attraction_addr2
        FROM plan p
                 JOIN plan_attraction pa ON p.plan_no = pa.plan_plan_no
                 JOIN attraction_info a ON pa.attraction_info_content_id = a.content_id
        WHERE p.plan_no = #{planNo}
    </select>


    <insert id="insertPlan" parameterType="planDto" useGeneratedKeys="true" keyProperty="planNo">
        insert into plan(create_date, start_date, end_date, title, content, member_user_email)
        values (current_date, #{startDate}, #{endDate}, #{title}, #{content}, #{memberUserEmail});
    </insert>

    <select id="selectPlan" parameterType="int" resultType="planDto">
        select *
        from plan
        where plan_no = #{planNo}
    </select>

    <select id="getPlanListByUser" parameterType="String" resultMap="planMap">
        select plan_no, create_date, start_date, end_date, title, member_user_email
        from plan
        where member_user_email = #{memberUserEmail}
        order by plan_no desc
    </select>


    <select id="getPlanAttractionsByPlanNo" parameterType="int" resultType="planAttractionListDto">
        SELECT p.plan_attraction_no,
               p.`order`,
               p.attraction_info_content_id,
               p.plan_plan_no,
               p.plan_date,
               i.title,
               i.addr1,
               i.addr2
        FROM plan_attraction p
                 JOIN attraction_info i
                      ON p.attraction_info_content_id = i.content_id
        WHERE p.plan_plan_no = #{planPlanNo}
        order by `order`
    </select>


    <select id="getTotalPlanCount" parameterType="map" resultType="int">
        select count(plan_no)
        from plan
    </select>

    <select id="selectPlanAttractionListByPlanNo" parameterType="int" resultType="planAttractionDto">
        SELECT plan_attraction_no, `order`, plan_no, attraction_info_content_id, plan_plan_no, plan_date
        FROM plan_attraction
        WHERE plan_no = #{planNo}
        order by `order`
    </select>

    <update id="updatePlan" parameterType="planDto">
        update plan
        set start_date = #{startDate},
            end_date   = #{endDate},
            title      = #{title},
            content    = #{content}
        where member_user_email = #{memberUserEmail}
    </update>

    <delete id="deletePlan" parameterType="String">
        delete
        from plan
        where plan_no = #{planNo}
          and member_user_email = #{memberUserEmail}
    </delete>

    <!--    Plan Attraction-->

    <select id="selectPlanAttraction" parameterType="int" resultType="planAttractionDto">
        select *
        from plan_attraction
        where plan_attraction_no = #{planAttractionNo}
    </select>

    <insert id="insertPlanAttraction" parameterType="planAttractionDto">
        insert into plan_attraction(plan_attraction_no, `order`, attraction_info_content_id, plan_plan_no, plan_date)
        values (#{planAttractionNo}, #{order}, #{attractionInfoContentId}, #{planPlanNo}, #{planDate})
    </insert>

    <update id="updatePlanAttraction" parameterType="planAttractionDto">
        update plan_attraction
        set attraction_info_content_id=#{attractionInfoContentId},
            order                     = #{order},
            plan_date                 = #{planDate}
        where plan_attraction_no = #{planAttractionNo}
    </update>

    <delete id="deletePlanAttraction" parameterType="int">
        delete
        from plan_attraction
        where plan_attraction_no = #{planAttractionNo};
    </delete>
</mapper>
